numteste,quantidade,tempo
1,0,0.0
2,0,0.0
3,1,0.0
4,2,0.0
5,3,0.0
6,4,0.0
7,5,0.0
8,6,0.0
9,7,0.0
10,8,0.0
11,9,0.0
12,10,0.0
13,11,0.0
14,12,0.0
15,13,0.0
16,14,0.0
17,15,0.0
18,16,0.0
19,17,0.0
20,18,0.0
21,19,0.0
22,20,0.0
23,21,0.0
24,22,0.0
25,23,0.0
26,24,0.0
27,25,0.0
28,26,0.0
29,27,0.0
30,28,0.0
31,29,0.0
32,30,0.0
33,31,0.0
34,32,0.0
35,33,0.0
36,34,0.0
37,35,0.0
38,36,0.0
39,37,0.0
40,38,0.0
41,39,0.0
42,40,0.0
43,41,0.0
44,42,0.0
45,43,0.0
46,44,0.0
47,45,0.0
48,46,0.0
49,47,0.0
50,48,0.0
51,49,0.0
52,50,0.0
53,51,0.0
54,52,0.0
55,53,0.0
56,54,0.0
57,55,0.0
58,56,0.0
59,57,0.0
60,58,0.0
61,59,0.0
62,60,0.0
63,61,0.0
64,62,0.0
65,63,0.0
66,64,0.0
67,65,0.0
68,66,0.0009915828704833984
69,67,0.0
70,68,0.0
71,69,0.0
72,70,0.0
73,71,0.0
74,72,0.0
75,73,0.0
76,74,0.0
77,75,0.0
78,76,0.0
79,77,0.0
80,78,0.0
81,79,0.0
82,80,0.0
83,81,0.0
84,82,0.0
85,83,0.0
86,84,0.0
87,85,0.0
88,86,0.0
89,87,0.0
90,88,0.0
91,89,0.0
92,90,0.0
93,91,0.0
94,92,0.0
95,93,0.0
96,94,0.0
97,95,0.0
98,96,0.0
99,97,0.0
100,98,0.0
101,99,0.0
102,100,0.0
103,101,0.0
104,102,0.0
105,103,0.0
106,104,0.0
107,105,0.0
108,106,0.0
109,107,0.0
110,108,0.0
111,109,0.0
112,110,0.0
113,111,0.0
114,112,0.0
115,113,0.0
116,114,0.0
117,115,0.0
118,116,0.0
119,117,0.0
120,118,0.0
121,119,0.0
122,120,0.0
123,121,0.0
124,122,0.0
125,123,0.0
126,124,0.0
127,125,0.0
128,126,0.0
129,127,0.0
130,128,0.0
131,129,0.0
132,130,0.0
133,131,0.0
134,132,0.0
135,133,0.0
136,134,0.0
137,135,0.0
138,136,0.0
139,137,0.0
140,138,0.0
141,139,0.0
142,140,0.0
143,141,0.0
144,142,0.0
145,143,0.0
146,144,0.0
147,145,0.0010044574737548828
148,146,0.0
149,147,0.0
150,148,0.0
151,149,0.0
152,150,0.0
153,151,0.0
154,152,0.0
155,153,0.0
156,154,0.0
157,155,0.0
158,156,0.0
159,157,0.0
160,158,0.0
161,159,0.0
162,160,0.0
163,161,0.0
164,162,0.0
165,163,0.0
166,164,0.0
167,165,0.0
168,166,0.0009937286376953125
169,167,0.0
170,168,0.0
171,169,0.0
172,170,0.0
173,171,0.0
174,172,0.0
175,173,0.0
176,174,0.0
177,175,0.0
178,176,0.0
179,177,0.0010001659393310547
180,178,0.0
181,179,0.0
182,180,0.0
183,181,0.0
184,182,0.0
185,183,0.0
186,184,0.0
187,185,0.0
188,186,0.0
189,187,0.0010046958923339844
190,188,0.0
191,189,0.0
192,190,0.0
193,191,0.0
194,192,0.0
195,193,0.0
196,194,0.0
197,195,0.0
198,196,0.0009870529174804688
199,197,0.0
200,198,0.0
201,199,0.0
202,200,0.0
203,201,0.0
204,202,0.0
205,203,0.0
206,204,0.0
207,205,0.001013040542602539
208,206,0.0
209,207,0.0
210,208,0.0
211,209,0.0
212,210,0.0
213,211,0.0
214,212,0.0
215,213,0.0010001659393310547
216,214,0.0
217,215,0.0
218,216,0.0
219,217,0.0
220,218,0.0
221,219,0.0
222,220,0.0009953975677490234
223,221,0.0
224,222,0.0
225,223,0.0
226,224,0.0
227,225,0.0
228,226,0.0
229,227,0.0009999275207519531
230,228,0.0
231,229,0.0
232,230,0.0
233,231,0.0
234,232,0.0
235,233,0.0
236,234,0.0010044574737548828
237,235,0.0
238,236,0.0
239,237,0.0
240,238,0.0
241,239,0.0
242,240,0.0010001659393310547
243,241,0.0
244,242,0.0
245,243,0.0
246,244,0.0
247,245,0.0
248,246,0.0009999275207519531
249,247,0.0
250,248,0.0
251,249,0.0
252,250,0.0
253,251,0.0009872913360595703
254,252,0.0
255,253,0.0
256,254,0.0
257,255,0.0
258,256,0.0
259,257,0.0010128021240234375
260,258,0.0
261,259,0.0
262,260,0.0
263,261,0.0
264,262,0.0009989738464355469
265,263,0.0
266,264,0.0
267,265,0.0
268,266,0.0
269,267,0.0010008811950683594
270,268,0.0
271,269,0.0
272,270,0.0
273,271,0.0009999275207519531
274,272,0.0
275,273,0.0
276,274,0.0
277,275,0.0
278,276,0.0009992122650146484
279,277,0.0
280,278,0.0
281,279,0.0
282,280,0.0009961128234863281
283,281,0.0
284,282,0.0
285,283,0.0
286,284,0.0
287,285,0.0010044574737548828
288,286,0.0
289,287,0.0
290,288,0.0
291,289,0.0009875297546386719
292,290,0.0
293,291,0.0
294,292,0.0
295,293,0.0010128021240234375
296,294,0.0
297,295,0.0
298,296,0.0
299,297,0.0009999275207519531
300,298,0.0
301,299,0.0
302,300,0.0009999275207519531
303,301,0.0
304,302,0.0
305,303,0.0
306,304,0.0010001659393310547
307,305,0.0
308,306,0.0
309,307,0.0009999275207519531
310,308,0.0
311,309,0.0
312,310,0.0
313,311,0.0
314,312,0.0
315,313,0.0
316,314,0.0009999275207519531
317,315,0.0
318,316,0.0
319,317,0.0009875297546386719
320,318,0.0
321,319,0.0
322,320,0.001012563705444336
323,321,0.0
324,322,0.0
325,323,0.0009999275207519531
326,324,0.0
327,325,0.0
328,326,0.0010001659393310547
329,327,0.0
330,328,0.0
331,329,0.0010001659393310547
332,330,0.0
333,331,0.0
334,332,0.001001119613647461
335,333,0.0
336,334,0.0
337,335,0.0009982585906982422
338,336,0.0
339,337,0.0009996891021728516
340,338,0.0
341,339,0.0
342,340,0.0009899139404296875
343,341,0.0
344,342,0.0
345,343,0.0010106563568115234
346,344,0.0
347,345,0.0009965896606445312
348,346,0.0
349,347,0.0
350,348,0.0009982585906982422
351,349,0.0
352,350,0.0010063648223876953
353,351,0.0
354,352,0.0
355,353,0.0009942054748535156
356,354,0.0
357,355,0.0010058879852294922
358,356,0.0
359,357,0.0
360,358,0.0009987354278564453
361,359,0.0
362,360,0.0009872913360595703
363,361,0.0
364,362,0.0010128021240234375
365,363,0.0
366,364,0.0
367,365,0.0009963512420654297
368,366,0.0
369,367,0.0010001659393310547
370,368,0.0
371,369,0.0010037422180175781
372,370,0.0
373,371,0.0009996891021728516
374,372,0.0
375,373,0.0010035037994384766
376,374,0.0
377,375,0.0
378,376,0.0009918212890625
379,377,0.0
380,378,0.0009908676147460938
381,379,0.0
382,380,0.0010089874267578125
383,381,0.0
384,382,0.0010046958923339844
385,383,0.0
386,384,0.0010027885437011719
387,385,0.0
388,386,0.000997304916381836
389,387,0.0
390,388,0.0010004043579101562
391,389,0.0
392,390,0.0009996891021728516
393,391,0.0009999275207519531
394,392,0.0
395,393,0.0009877681732177734
396,394,0.0
397,395,0.0010123252868652344
398,396,0.0
399,397,0.0009999275207519531
400,398,0.0
401,399,0.0010001659393310547
402,400,0.0
403,401,0.0009996891021728516
404,402,0.0010001659393310547
405,403,0.0
406,404,0.0009999275207519531
407,405,0.0
408,406,0.0010004043579101562
409,407,0.0
410,408,0.0009868144989013672
411,409,0.0010080337524414062
412,410,0.0
413,411,0.0010046958923339844
414,412,0.0
415,413,0.00099945068359375
416,414,0.0009996891021728516
417,415,0.0
418,416,0.0010008811950683594
419,417,0.0
420,418,0.0009999275207519531
421,419,0.0009999275207519531
422,420,0.0
423,421,0.0009877681732177734
424,422,0.001012563705444336
425,423,0.0
426,424,0.0009951591491699219
427,425,0.0010046958923339844
428,426,0.0
429,427,0.0009999275207519531
430,428,0.0010001659393310547
431,429,0.0
432,430,0.0009999275207519531
433,431,0.0010001659393310547
434,432,0.0
435,433,0.0009870529174804688
436,434,0.0010082721710205078
437,435,0.0
438,436,0.0010044574737548828
439,437,0.0009899139404296875
440,438,0.0009992122650146484
441,439,0.0010073184967041016
442,440,0.0
443,441,0.0009999275207519531
444,442,0.0009992122650146484
445,443,0.0009903907775878906
446,444,0.0
447,445,0.001003265380859375
448,446,0.0010106563568115234
449,447,0.0010001659393310547
450,448,0.0
451,449,0.0009999275207519531
452,450,0.0009992122650146484
453,451,0.0009961128234863281
454,452,0.0
455,453,0.0010046958923339844
456,454,0.0009887218475341797
457,455,0.0010106563568115234
458,456,0.0010006427764892578
459,457,0.0
460,458,0.0010004043579101562
461,459,0.0009987354278564453
462,460,0.0009961128234863281
463,461,0.0010001659393310547
464,462,0.0
465,463,0.0009915828704833984
466,464,0.0010013580322265625
467,465,0.0010113716125488281
468,466,0.000995635986328125
469,467,0.0009999275207519531
470,468,0.0010044574737548828
471,469,0.0
472,470,0.0009999275207519531
473,471,0.00099945068359375
474,472,0.0009958744049072266
475,473,0.0009922981262207031
476,474,0.0010132789611816406
477,475,0.0009987354278564453
478,476,0.0009958744049072266
479,477,0.0
480,478,0.0010004043579101562
481,479,0.0010042190551757812
482,480,0.0010001659393310547
483,481,0.0009999275207519531
484,482,0.0009882450103759766
485,483,0.0010118484497070312
486,484,0.0009999275207519531
487,485,0.0010001659393310547
488,486,0.0009996891021728516
489,487,0.0009999275207519531
490,488,0.0010001659393310547
491,489,0.0009999275207519531
492,490,0.000988006591796875
493,491,0.001013040542602539
494,492,0.0009984970092773438
495,493,0.0009958744049072266
496,494,0.0
497,495,0.0010042190551757812
498,496,0.0010006427764892578
499,497,0.0009999275207519531
500,498,0.0019884109497070312
501,499,0.0010116100311279297
502,500,0.0010001659393310547
503,501,0.0009996891021728516
504,502,0.0009953975677490234
505,503,0.0010044574737548828
506,504,0.0010001659393310547
507,505,0.0009999275207519531
508,506,0.0009884834289550781
509,507,0.0010116100311279297
510,508,0.0010008811950683594
511,509,0.0009984970092773438
512,510,0.0009961128234863281
513,511,0.0010044574737548828
514,512,0.0010001659393310547
515,513,0.0009951591491699219
516,514,0.000993490219116211
517,515,0.0020112991333007812
518,516,0.0009999275207519531
519,517,0.0009999275207519531
520,518,0.0010001659393310547
521,519,0.0009999275207519531
522,520,0.0009999275207519531
523,521,0.0009889602661132812
524,522,0.0010111331939697266
525,523,0.0020029544830322266
526,524,0.0009963512420654297
527,525,0.0009963512420654297
528,526,0.0010044574737548828
529,527,0.0009999275207519531
530,528,0.0020017623901367188
531,529,0.0009982585906982422
532,530,0.0009992122650146484
533,531,0.0010008811950683594
534,532,0.0009999275207519531
535,533,0.0019953250885009766
536,534,0.0009932518005371094
537,535,0.0010113716125488281
538,536,0.0009999275207519531
539,537,0.001995563507080078
540,538,0.0010042190551757812
541,539,0.0010001659393310547
542,540,0.0009999275207519531
543,541,0.0020003318786621094
544,542,0.0009989738464355469
545,543,0.0010008811950683594
546,544,0.0009999275207519531
547,545,0.002000093460083008
548,546,0.0009999275207519531
549,547,0.001710653305053711
550,548,0.0011219978332519531
551,549,0.0010704994201660156
552,550,0.001016378402709961
553,551,0.002004384994506836
554,552,0.0009999275207519531
555,553,0.0009996891021728516
556,554,0.001999378204345703
557,555,0.0010008811950683594
558,556,0.002000093460083008
559,557,0.0010006427764892578
560,558,0.001001119613647461
561,559,0.0019974708557128906
562,560,0.001005411148071289
563,561,0.0019974708557128906
564,562,0.000997304916381836
565,563,0.0009958744049072266
566,564,0.0019998550415039062
567,565,0.0010039806365966797
568,566,0.0019998550415039062
569,567,0.0010006427764892578
570,568,0.0020003318786621094
571,569,0.0009996891021728516
572,570,0.001995563507080078
573,571,0.0010001659393310547
574,572,0.0019998550415039062
575,573,0.0010044574737548828
576,574,0.0019996166229248047
577,575,0.0010006427764892578
578,576,0.001999378204345703
579,577,0.0009958744049072266
580,578,0.0020046234130859375
581,579,0.0009996891021728516
582,580,0.0019881725311279297
583,581,0.0010120868682861328
584,582,0.001999378204345703
585,583,0.0010006427764892578
586,584,0.002000093460083008
587,585,0.001999378204345703
588,586,0.0009961128234863281
589,587,0.0019996166229248047
590,588,0.0010001659393310547
591,589,0.0020046234130859375
592,590,0.0019953250885009766
593,591,0.001004934310913086
594,592,0.0020003318786621094
595,593,0.0009996891021728516
596,594,0.0019998550415039062
597,595,0.001999378204345703
598,596,0.0009958744049072266
599,597,0.002003908157348633
600,598,0.0019960403442382812
601,599,0.0020051002502441406
602,600,0.00099945068359375
603,601,0.001999378204345703
604,602,0.0020008087158203125
605,603,0.0009999275207519531
606,604,0.0019991397857666016
607,605,0.0020003318786621094
608,606,0.0019960403442382812
609,607,0.0010044574737548828
610,608,0.002000093460083008
611,609,0.0019998550415039062
612,610,0.001995563507080078
613,611,0.0020046234130859375
614,612,0.0009884834289550781
615,613,0.0020055770874023438
616,614,0.001996755599975586
617,615,0.002004861831665039
618,616,0.0020041465759277344
619,617,0.00099945068359375
620,618,0.002000570297241211
621,619,0.002000093460083008
622,620,0.0019953250885009766
623,621,0.0020046234130859375
624,622,0.0019998550415039062
625,623,0.0019922256469726562
626,624,0.002003192901611328
627,625,0.0010046958923339844
628,626,0.0010001659393310547
629,627,0.0019998550415039062
630,628,0.001995086669921875
631,629,0.002007007598876953
632,630,0.0019838809967041016
633,631,0.002003192901611328
634,632,0.0019986629486083984
635,633,0.0020074844360351562
636,634,0.0019998550415039062
637,635,0.002004861831665039
638,636,0.0019998550415039062
639,637,0.0019998550415039062
640,638,0.002000093460083008
641,639,0.0019953250885009766
642,640,0.002003908157348633
643,641,0.002000570297241211
644,642,0.002000093460083008
645,643,0.0030002593994140625
646,644,0.0019998550415039062
647,645,0.002000093460083008
648,646,0.0019998550415039062
649,647,0.0019996166229248047
650,648,0.0019996166229248047
651,649,0.002000093460083008
652,650,0.002000570297241211
653,651,0.0030002593994140625
654,652,0.0019998550415039062
655,653,0.002000093460083008
656,654,0.002000093460083008
657,655,0.0019998550415039062
658,656,0.0019998550415039062
659,657,0.002000093460083008
660,658,0.003000020980834961
661,659,0.002000093460083008
662,660,0.002000093460083008
663,661,0.0019998550415039062
664,662,0.001999378204345703
665,663,0.003000020980834961
666,664,0.0020008087158203125
667,665,0.0019996166229248047
668,666,0.0019953250885009766
669,667,0.0030052661895751953
670,668,0.0019998550415039062
671,669,0.0019998550415039062
672,670,0.0026955604553222656
673,671,0.0019953250885009766
674,672,0.003004312515258789
675,673,0.002000570297241211
676,674,0.0019998550415039062
677,675,0.0029997825622558594
678,676,0.002000093460083008
679,677,0.0029997825622558594
680,678,0.0019958019256591797
681,679,0.003003835678100586
682,680,0.0019998550415039062
683,681,0.0019998550415039062
684,682,0.003000497817993164
685,683,0.0019998550415039062
686,684,0.003001689910888672
687,685,0.0019941329956054688
688,686,0.0030040740966796875
689,687,0.002000093460083008
690,688,0.0030007362365722656
691,689,0.001999378204345703
692,690,0.003000020980834961
693,691,0.0019969940185546875
694,692,0.0030028820037841797
695,693,0.0019998550415039062
696,694,0.0030002593994140625
697,695,0.0029997825622558594
698,696,0.002000093460083008
699,697,0.003000497817993164
700,698,0.0019958019256591797
701,699,0.0030035972595214844
702,700,0.0029997825622558594
703,701,0.002000093460083008
704,702,0.0030002593994140625
705,703,0.002988100051879883
706,704,0.0020079612731933594
707,705,0.0030040740966796875
708,706,0.0029997825622558594
709,707,0.0019998550415039062
710,708,0.003000020980834961
711,709,0.003000020980834961
712,710,0.002996683120727539
713,711,0.001999378204345703
714,712,0.0030040740966796875
715,713,0.0029959678649902344
716,714,0.003003835678100586
717,715,0.003000020980834961
718,716,0.0029959678649902344
719,717,0.0030040740966796875
720,718,0.0030002593994140625
721,719,0.0029997825622558594
722,720,0.0020003318786621094
723,721,0.002988100051879883
724,722,0.003011465072631836
725,723,0.003000020980834961
726,724,0.002996206283569336
727,725,0.003003835678100586
728,726,0.003000020980834961
729,727,0.0029964447021484375
730,728,0.0030035972595214844
731,729,0.0030002593994140625
732,730,0.0029997825622558594
733,731,0.0029997825622558594
734,732,0.002996206283569336
735,733,0.003000020980834961
736,734,0.0029997825622558594
737,735,0.003003835678100586
738,736,0.0030002593994140625
739,737,0.003000020980834961
740,738,0.003000020980834961
741,739,0.003000020980834961
742,740,0.002996206283569336
743,741,0.0029997825622558594
744,742,0.0030040740966796875
745,743,0.003000020980834961
746,744,0.0029997825622558594
747,745,0.004000186920166016
748,746,0.003000020980834961
749,747,0.003999948501586914
750,748,0.0030002593994140625
751,749,0.002995729446411133
752,750,0.003003835678100586
753,751,0.002996206283569336
754,752,0.004004001617431641
755,753,0.003000020980834961
756,754,0.0030002593994140625
757,755,0.003995656967163086
758,756,0.003003835678100586
759,757,0.0030002593994140625
760,758,0.0029959678649902344
761,759,0.004000186920166016
762,760,0.003003835678100586
763,761,0.0029959678649902344
764,762,0.004003763198852539
765,763,0.0029964447021484375
766,764,0.0039997100830078125
767,765,0.0030040740966796875
768,766,0.0029997825622558594
769,767,0.003996133804321289
770,768,0.0030066967010498047
771,769,0.003997087478637695
772,770,0.0030002593994140625
773,771,0.003999948501586914
774,772,0.003000020980834961
775,773,0.00400233268737793
776,774,0.0029935836791992188
777,775,0.004004001617431641
778,776,0.002996206283569336
779,777,0.004003763198852539
780,778,0.003258943557739258
781,779,0.0037412643432617188
782,780,0.003000020980834961
783,781,0.003996133804321289
784,782,0.0039997100830078125
785,783,0.0030040740966796875
786,784,0.0039958953857421875
787,785,0.004004240036010742
788,786,0.0029959678649902344
789,787,0.0039997100830078125
790,788,0.004004001617431641
791,789,0.003000497817993164
792,790,0.0039997100830078125
793,791,0.003999948501586914
794,792,0.0039997100830078125
795,793,0.002996206283569336
796,794,0.004004001617431641
797,795,0.0039958953857421875
798,796,0.004004240036010742
799,797,0.003999948501586914
800,798,0.0029964447021484375
801,799,0.0040035247802734375
802,800,0.004000425338745117
803,801,0.0039958953857421875
804,802,0.004004001617431641
805,803,0.0039997100830078125
806,804,0.004000425338745117
807,805,0.003997325897216797
808,806,0.003998517990112305
809,807,0.003999948501586914
810,808,0.004003763198852539
811,809,0.004000186920166016
812,810,0.0039942264556884766
813,811,0.004001617431640625
814,812,0.004004001617431641
815,813,0.0040018558502197266
816,814,0.003985881805419922
817,815,0.004008293151855469
818,816,0.004001140594482422
819,817,0.003991842269897461
820,818,0.005007028579711914
821,819,0.004004001617431641
822,820,0.003999948501586914
823,821,0.0039899349212646484
824,822,0.00400996208190918
825,823,0.004000186920166016
826,824,0.005000114440917969
827,825,0.003997087478637695
828,826,0.004002571105957031
829,827,0.004000186920166016
830,828,0.004999876022338867
831,829,0.00400090217590332
832,830,0.003998994827270508
833,831,0.003996133804321289
834,832,0.005004167556762695
835,833,0.003996849060058594
836,834,0.0049991607666015625
837,835,0.003999948501586914
838,836,0.004004001617431641
839,837,0.004999876022338867
840,838,0.003999948501586914
841,839,0.005000114440917969
842,840,0.003999948501586914
843,841,0.003999948501586914
844,842,0.004996061325073242
845,843,0.005003929138183594
846,844,0.004000663757324219
847,845,0.004995584487915039
848,846,0.004003763198852539
849,847,0.005000114440917969
850,848,0.005000114440917969
851,849,0.003999948501586914
852,850,0.005000114440917969
853,851,0.0039997100830078125
854,852,0.004996061325073242
855,853,0.005004167556762695
856,854,0.003999948501586914
857,855,0.004995822906494141
858,856,0.005004405975341797
859,857,0.0039997100830078125
860,858,0.005000114440917969
861,859,0.004996061325073242
862,860,0.005003929138183594
863,861,0.003999948501586914
864,862,0.00500035285949707
865,863,0.004995584487915039
866,864,0.005003929138183594
867,865,0.005000114440917969
868,866,0.004996061325073242
869,867,0.005003690719604492
870,868,0.00500035285949707
871,869,0.00500035285949707
872,870,0.004999399185180664
873,871,0.005000114440917969
874,872,0.003987550735473633
875,873,0.0050127506256103516
876,874,0.004995584487915039
877,875,0.005004167556762695
878,876,0.004999876022338867
879,877,0.004999876022338867
880,878,0.006000041961669922
881,879,0.005000114440917969
882,880,0.004996299743652344
883,881,0.005003690719604492
884,882,0.004996538162231445
885,883,0.005003452301025391
886,884,0.004999876022338867
887,885,0.005000114440917969
888,886,0.006000041961669922
889,887,0.005098819732666016
890,888,0.0052182674407958984
891,889,0.0049991607666015625
892,890,0.005000114440917969
893,891,0.004999876022338867
894,892,0.006000041961669922
895,893,0.005000114440917969
896,894,0.004999876022338867
897,895,0.005996227264404297
898,896,0.005003929138183594
899,897,0.004999876022338867
900,898,0.0059967041015625
901,899,0.0050013065338134766
902,900,0.006001949310302734
903,901,0.004992246627807617
904,902,0.006003856658935547
905,903,0.005003929138183594
906,904,0.0059964656829833984
907,905,0.005003690719604492
908,906,0.00599980354309082
909,907,0.0049915313720703125
910,908,0.0060045719146728516
911,909,0.006003856658935547
912,910,0.0049970149993896484
913,911,0.005999326705932617
914,912,0.004999637603759766
915,913,0.00600433349609375
916,914,0.00599980354309082
917,915,0.004995822906494141
918,916,0.0060040950775146484
919,917,0.005995988845825195
920,918,0.0060040950775146484
921,919,0.004995822906494141
922,920,0.00600433349609375
923,921,0.00599980354309082
924,922,0.0060002803802490234
925,923,0.00599980354309082
926,924,0.00599980354309082
927,925,0.004999876022338867
928,926,0.006000041961669922
929,927,0.006663799285888672
930,928,0.006001710891723633
931,929,0.00599980354309082
932,930,0.00600123405456543
933,931,0.0059986114501953125
934,932,0.006000041961669922
935,933,0.005999326705932617
936,934,0.0059969425201416016
937,935,0.006003618240356445
938,936,0.005995988845825195
939,937,0.00600433349609375
940,938,0.0060002803802490234
941,939,0.0069997310638427734
942,940,0.006000041961669922
943,941,0.006000518798828125
944,942,0.005999565124511719
945,943,0.005995988845825195
946,944,0.0070035457611083984
947,945,0.0060002803802490234
948,946,0.00599980354309082
949,947,0.005995988845825195
950,948,0.007004261016845703
951,949,0.00599980354309082
952,950,0.006350994110107422
953,951,0.0070002079010009766
954,952,0.006003618240356445
955,953,0.0060007572174072266
956,954,0.006999492645263672
957,955,0.0069997310638427734
958,956,0.00700068473815918
959,957,0.005999565124511719
960,958,0.0069997310638427734
961,959,0.0060002803802490234
962,960,0.0070002079010009766
963,961,0.00599980354309082
964,962,0.00699615478515625
965,963,0.0070037841796875
966,964,0.005990743637084961
967,965,0.007009267807006836
968,966,0.0069997310638427734
969,967,0.0059964656829833984
970,968,0.0070037841796875
971,969,0.006989479064941406
972,970,0.007010459899902344
973,971,0.006000041961669922
974,972,0.0069959163665771484
975,973,0.007009744644165039
976,974,0.006983280181884766
977,975,0.007010936737060547
978,976,0.007000446319580078
979,977,0.006999492645263672
980,978,0.0069959163665771484
981,979,0.0060002803802490234
982,980,0.007673025131225586
983,981,0.006995677947998047
984,982,0.007004261016845703
985,983,0.0069997310638427734
986,984,0.0069959163665771484
987,985,0.007004261016845703
988,986,0.0069959163665771484
989,987,0.0070040225982666016
990,988,0.0069997310638427734
991,989,0.007000923156738281
992,990,0.007999420166015625
993,991,0.007999897003173828
994,992,0.007001161575317383
995,993,0.006998777389526367
996,994,0.006999969482421875
997,995,0.008000850677490234
998,996,0.00699925422668457
999,997,0.006999969482421875
1000,998,0.007988929748535156
1001,999,0.007010936737060547
1002,1000,0.00800013542175293
1003,1001,0.00699615478515625
1004,1002,0.008004903793334961
1005,1003,0.0069997310638427734
1006,1004,0.00800013542175293
1007,1005,0.006999015808105469
1008,1006,0.00800013542175293
1009,1007,0.006999969482421875
1010,1008,0.008350849151611328
1011,1009,0.0066525936126708984
1012,1010,0.008000373840332031
1013,1011,0.007999897003173828
1014,1012,0.0070002079010009766
1015,1013,0.007999897003173828
1016,1014,0.007996320724487305
1017,1015,0.0070037841796875
1018,1016,0.008000373840332031
1019,1017,0.007999658584594727
1020,1018,0.007999897003173828
1021,1019,0.006999969482421875
1022,1020,0.007993936538696289
1023,1021,0.007994413375854492
1024,1022,0.008008480072021484
1025,1023,0.008002996444702148
1026,1024,0.007996320724487305
1027,1025,0.008003950119018555
1028,1026,0.007986068725585938
1029,1027,0.008013725280761719
1030,1028,0.008996009826660156
1031,1029,0.008004188537597656
1032,1030,0.007995843887329102
1033,1031,0.00800013542175293
1034,1032,0.007999897003173828
1035,1033,0.009003877639770508
1036,1034,0.007999897003173828
1037,1035,0.007996797561645508
1038,1036,0.007999897003173828
1039,1037,0.008999347686767578
1040,1038,0.008004188537597656
1041,1039,0.008000373840332031
1042,1040,0.00799560546875
1043,1041,0.009008169174194336
1044,1042,0.007996082305908203
1045,1043,0.007999897003173828
1046,1044,0.008996248245239258
1047,1045,0.008004188537597656
1048,1046,0.008995771408081055
1049,1047,0.007999658584594727
1050,1048,0.009000062942504883
1051,1049,0.008003950119018555
1052,1050,0.008999824523925781
1053,1051,0.008000373840332031
1054,1052,0.00899958610534668
1055,1053,0.008000373840332031
1056,1054,0.009000062942504883
1057,1055,0.008995771408081055
1058,1056,0.008003950119018555
1059,1057,0.009000301361083984
1060,1058,0.008999824523925781
1061,1059,0.008999824523925781
1062,1060,0.008675813674926758
1063,1061,0.007999897003173828
1064,1062,0.009000062942504883
1065,1063,0.009000062942504883
1066,1064,0.008996009826660156
1067,1065,0.009006023406982422
1068,1066,0.00899815559387207
1069,1067,0.009000539779663086
1070,1068,0.008995532989501953
1071,1069,0.009003877639770508
1072,1070,0.009000062942504883
1073,1071,0.009000062942504883
1074,1072,0.008999824523925781
1075,1073,0.009000062942504883
1076,1074,0.009000062942504883
1077,1075,0.008999824523925781
1078,1076,0.00898885726928711
1079,1077,0.009011268615722656
1080,1078,0.009000301361083984
1081,1079,0.008995532989501953
1082,1080,0.010004281997680664
1083,1081,0.00899958610534668
1084,1082,0.008996009826660156
1085,1083,0.00900411605834961
1086,1084,0.009996175765991211
1087,1085,0.008999824523925781
1088,1086,0.009004354476928711
1089,1087,0.009999752044677734
1090,1088,0.008995771408081055
1091,1089,0.010004281997680664
1092,1090,0.008996248245239258
1093,1091,0.01000356674194336
1094,1092,0.01000070571899414
1095,1093,0.009999275207519531
1096,1094,0.010000467300415039
1097,1095,0.009999513626098633
1098,1096,0.009000062942504883
1099,1097,0.009000062942504883
1100,1098,0.009999990463256836
1101,1099,0.009995698928833008
1102,1100,0.009004354476928711
1103,1101,0.009999752044677734
1104,1102,0.010000228881835938
1105,1103,0.009999513626098633
1106,1104,0.010000467300415039
1107,1105,0.009999990463256836
1108,1106,0.008999824523925781
1109,1107,0.009999990463256836
1110,1108,0.010000228881835938
1111,1109,0.009999990463256836
1112,1110,0.009996652603149414
1113,1111,0.009999275207519531
1114,1112,0.010003805160522461
1115,1113,0.009999990463256836
1116,1114,0.010000228881835938
1117,1115,0.009888648986816406
1118,1116,0.00999593734741211
1119,1117,0.011003971099853516
1120,1118,0.010000228881835938
1121,1119,0.009999513626098633
1122,1120,0.010990142822265625
1123,1121,0.01000666618347168
1124,1122,0.009999752044677734
1125,1123,0.009999990463256836
1126,1124,0.010999917984008789
1127,1125,0.010004043579101562
1128,1126,0.010995864868164062
1129,1127,0.010000228881835938
1130,1128,0.011003732681274414
1131,1129,0.010000228881835938
1132,1130,0.010999917984008789
1133,1131,0.01100015640258789
1134,1132,0.009999990463256836
1135,1133,0.010999917984008789
1136,1134,0.010999917984008789
1137,1135,0.009999990463256836
1138,1136,0.010663747787475586
1139,1137,0.010999917984008789
1140,1138,0.010995864868164062
1141,1139,0.01100468635559082
1142,1140,0.01099538803100586
1143,1141,0.010000228881835938
1144,1142,0.01100015640258789
1145,1143,0.010999679565429688
1146,1144,0.011000394821166992
1147,1145,0.010999679565429688
1148,1146,0.01100015640258789
1149,1147,0.01100015640258789
1150,1148,0.010999679565429688
1151,1149,0.01100015640258789
1152,1150,0.010996103286743164
1153,1151,0.01100015640258789
1154,1152,0.011874198913574219
1155,1153,0.010529518127441406
1156,1154,0.010999679565429688
1157,1155,0.011000394821166992
1158,1156,0.011995792388916016
1159,1157,0.01100301742553711
1160,1158,0.010996818542480469
1161,1159,0.012003898620605469
1162,1160,0.010996580123901367
1163,1161,0.012003421783447266
1164,1162,0.01100015640258789
1165,1163,0.01200103759765625
1166,1164,0.010998964309692383
1167,1165,0.012000083923339844
1168,1166,0.01100015640258789
1169,1167,0.01199960708618164
1170,1168,0.012000322341918945
1171,1169,0.011000394821166992
1172,1170,0.011999368667602539
1173,1171,0.01168060302734375
1174,1172,0.01199960708618164
1175,1173,0.011988162994384766
1176,1174,0.011011838912963867
1177,1175,0.012000083923339844
1178,1176,0.01199650764465332
1179,1177,0.012003421783447266
1180,1178,0.011999845504760742
1181,1179,0.012000322341918945
1182,1180,0.012000083923339844
1183,1181,0.012000322341918945
1184,1182,0.01199960708618164
1185,1183,0.011999845504760742
1186,1184,0.013000011444091797
1187,1185,0.012000083923339844
1188,1186,0.012000083923339844
1189,1187,0.012000083923339844
1190,1188,0.012999773025512695
1191,1189,0.011999845504760742
1192,1190,0.012000560760498047
1193,1191,0.012999773025512695
1194,1192,0.011999845504760742
1195,1193,0.011999845504760742
1196,1194,0.01300048828125
1197,1195,0.01199960708618164
1198,1196,0.012000083923339844
1199,1197,0.012999773025512695
1200,1198,0.012000083923339844
1201,1199,0.012996196746826172
1202,1200,0.013000011444091797
1203,1201,0.012003660202026367
1204,1202,0.013000249862670898
1205,1203,0.013000011444091797
1206,1204,0.012999773025512695
1207,1205,0.012000083923339844
1208,1206,0.013000249862670898
1209,1207,0.01299595832824707
1210,1208,0.013000011444091797
1211,1209,0.013003826141357422
1212,1210,0.01299595832824707
1213,1211,0.013004064559936523
1214,1212,0.012000322341918945
1215,1213,0.01199960708618164
1216,1214,0.012999773025512695
1217,1215,0.013000249862670898
1218,1216,0.013000249862670898
1219,1217,0.013000011444091797
1220,1218,0.012999534606933594
1221,1219,0.013000249862670898
1222,1220,0.01299595832824707
1223,1221,0.014003992080688477
1224,1222,0.013000011444091797
1225,1223,0.013000011444091797
1226,1224,0.014000415802001953
1227,1225,0.012999534606933594
1228,1226,0.013000965118408203
1229,1227,0.013998985290527344
1230,1228,0.013000726699829102
1231,1229,0.013999223709106445
1232,1230,0.01300048828125
1233,1231,0.013988018035888672
1234,1232,0.014005422592163086
1235,1233,0.012994766235351562
1236,1234,0.014003753662109375
1237,1235,0.01399993896484375
1238,1236,0.013996124267578125
1239,1237,0.01300048828125
1240,1238,0.014003753662109375
1241,1239,0.013999700546264648
1242,1240,0.013995885848999023
1243,1241,0.014000177383422852
1244,1242,0.014003992080688477
1245,1243,0.01399993896484375
1246,1244,0.014000177383422852
1247,1245,0.013995885848999023
1248,1246,0.01384425163269043
1249,1247,0.014003992080688477
1250,1248,0.014999866485595703
1251,1249,0.013996124267578125
1252,1250,0.014004230499267578
1253,1251,0.014000654220581055
1254,1252,0.01399850845336914
1255,1253,0.014001131057739258
1256,1254,0.015000104904174805
1257,1255,0.013998985290527344
1258,1256,0.014995813369750977
1259,1257,0.014003992080688477
1260,1258,0.014000177383422852
1261,1259,0.015000104904174805
1262,1260,0.01399993896484375
1263,1261,0.014999866485595703
1264,1262,0.015000104904174805
1265,1263,0.01399993896484375
1266,1264,0.014996051788330078
1267,1265,0.015000581741333008
1268,1266,0.015003204345703125
1269,1267,0.014000177383422852
1270,1268,0.015000104904174805
1271,1269,0.014999866485595703
1272,1270,0.014995813369750977
1273,1271,0.014991283416748047
1274,1272,0.015013456344604492
1275,1273,0.014999866485595703
1276,1274,0.015000104904174805
1277,1275,0.014987468719482422
1278,1276,0.015012741088867188
1279,1277,0.014999628067016602
1280,1278,0.015000343322753906
1281,1279,0.014999628067016602
1282,1280,0.015000343322753906
1283,1281,0.016000032424926758
1284,1282,0.015000104904174805
1285,1283,0.014999866485595703
1286,1284,0.016000032424926758
1287,1285,0.014999628067016602
1288,1286,0.015000343322753906
1289,1287,0.015000104904174805
1290,1288,0.015000104904174805
1291,1289,0.014999866485595703
1292,1290,0.016000032424926758
1293,1291,0.015000104904174805
1294,1292,0.015999794006347656
1295,1293,0.015000104904174805
1296,1294,0.01599907875061035
1297,1295,0.016000747680664062
1298,1296,0.015000343322753906
1299,1297,0.014999866485595703
1300,1298,0.015995502471923828
1301,1299,0.015999794006347656
1302,1300,0.01600027084350586
1303,1301,0.015004873275756836
1304,1302,0.01600170135498047
1305,1303,0.015998125076293945
1306,1304,0.01599717140197754
1307,1305,0.016005992889404297
1308,1306,0.01699686050415039
1309,1307,0.016000032424926758
1310,1308,0.016000032424926758
1311,1309,0.01699542999267578
1312,1310,0.016003847122192383
1313,1311,0.016000032424926758
1314,1312,0.015999794006347656
1315,1313,0.01699995994567871
1316,1314,0.016000032424926758
1317,1315,0.017995834350585938
1318,1316,0.016004323959350586
1319,1317,0.015999794006347656
1320,1318,0.016996145248413086
1321,1319,0.017004013061523438
1322,1320,0.016000032424926758
1323,1321,0.017323970794677734
1324,1322,0.015999794006347656
1325,1323,0.01699995994567871
1326,1324,0.017000198364257812
1327,1325,0.016000032424926758
1328,1326,0.016000032424926758
1329,1327,0.01699995994567871
1330,1328,0.017000436782836914
1331,1329,0.01699972152709961
1332,1330,0.017000198364257812
1333,1331,0.017000675201416016
1334,1332,0.016999006271362305
1335,1333,0.017000198364257812
1336,1334,0.016673564910888672
1337,1335,0.017995595932006836
1338,1336,0.017004013061523438
1339,1337,0.01699995994567871
1340,1338,0.016995906829833984
1341,1339,0.016991615295410156
1342,1340,0.017000436782836914
1343,1341,0.016999006271362305
1344,1342,0.018004417419433594
1345,1343,0.016995668411254883
1346,1344,0.018004655838012695
1347,1345,0.016999483108520508
1348,1346,0.017851591110229492
1349,1347,0.018009662628173828
1350,1348,0.01699995994567871
1351,1349,0.01799607276916504
1352,1350,0.01800370216369629
1353,1351,0.018000125885009766
1354,1352,0.017000198364257812
1355,1353,0.018000125885009766
1356,1354,0.017999887466430664
1357,1355,0.018000125885009766
1358,1356,0.018001079559326172
1359,1357,0.017998933792114258
1360,1358,0.017995834350585938
1361,1359,0.018004179000854492
1362,1360,0.017999887466430664
1363,1361,0.01799607276916504
1364,1362,0.018000364303588867
1365,1363,0.01800370216369629
1366,1364,0.01866459846496582
1367,1365,0.017999887466430664
1368,1366,0.018001317977905273
1369,1367,0.018999814987182617
1370,1368,0.018995046615600586
1371,1369,0.01800394058227539
1372,1370,0.018996238708496094
1373,1371,0.019003868103027344
1374,1372,0.017999887466430664
1375,1373,0.018999814987182617
1376,1374,0.018000125885009766
1377,1375,0.01900005340576172
1378,1376,0.01900005340576172
1379,1377,0.018999814987182617
1380,1378,0.01900029182434082
1381,1379,0.01899576187133789
1382,1380,0.019004106521606445
1383,1381,0.018999814987182617
1384,1382,0.018996000289916992
1385,1383,0.01900458335876465
1386,1384,0.018999576568603516
1387,1385,0.01900029182434082
1388,1386,0.018999814987182617
1389,1387,0.018999814987182617
1390,1388,0.019000768661499023
1391,1389,0.020000934600830078
1392,1390,0.018994808197021484
1393,1391,0.020003795623779297
1394,1392,0.018999814987182617
1395,1393,0.019999980926513672
1396,1394,0.019999980926513672
1397,1395,0.019092559814453125
1398,1396,0.019999980926513672
1399,1397,0.01900005340576172
1400,1398,0.019999980926513672
1401,1399,0.019996166229248047
1402,1400,0.020003795623779297
1403,1401,0.019996166229248047
1404,1402,0.019003868103027344
1405,1403,0.019999980926513672
1406,1404,0.019999980926513672
1407,1405,0.019996166229248047
1408,1406,0.020676851272583008
1409,1407,0.0200042724609375
1410,1408,0.019999980926513672
1411,1409,0.01999974250793457
1412,1410,0.020000219345092773
1413,1411,0.01999640464782715
1414,1412,0.020003795623779297
1415,1413,0.020999670028686523
1416,1414,0.020000457763671875
1417,1415,0.01999950408935547
1418,1416,0.020999908447265625
1419,1417,0.020000457763671875
1420,1418,0.020999670028686523
1421,1419,0.021000146865844727
1422,1420,0.019999980926513672
1423,1421,0.021000146865844727
1424,1422,0.020999670028686523
1425,1423,0.02004075050354004
1426,1424,0.01999974250793457
1427,1425,0.020999908447265625
1428,1426,0.020999908447265625
1429,1427,0.02099609375
1430,1428,0.021000146865844727
1431,1429,0.02100062370300293
1432,1430,0.02100348472595215
1433,1431,0.02099609375
1434,1432,0.020999908447265625
1435,1433,0.02066826820373535
1436,1434,0.020999908447265625
1437,1435,0.020999908447265625
1438,1436,0.020999908447265625
1439,1437,0.02200007438659668
1440,1438,0.020999908447265625
1441,1439,0.02200031280517578
1442,1440,0.020999908447265625
1443,1441,0.020999908447265625
1444,1442,0.02200150489807129
1445,1443,0.020998716354370117
1446,1444,0.02200007438659668
1447,1445,0.021999835968017578
1448,1446,0.021999835968017578
1449,1447,0.021001338958740234
1450,1448,0.02199864387512207
1451,1449,0.02200031280517578
1452,1450,0.021999835968017578
1453,1451,0.02200007438659668
1454,1452,0.021996259689331055
1455,1453,0.022003650665283203
1456,1454,0.02200031280517578
1457,1455,0.022000789642333984
1458,1456,0.022999048233032227
1459,1457,0.021999835968017578
1460,1458,0.021999835968017578
1461,1459,0.021996259689331055
1462,1460,0.02300405502319336
1463,1461,0.021852731704711914
1464,1462,0.022999286651611328
1465,1463,0.02200007438659668
1466,1464,0.02200007438659668
1467,1465,0.022995948791503906
1468,1466,0.023003578186035156
1469,1467,0.022004365921020508
1470,1468,0.022995948791503906
1471,1469,0.023003578186035156
1472,1470,0.022668838500976562
1473,1471,0.023000240325927734
1474,1472,0.023000240325927734
1475,1473,0.02299976348876953
1476,1474,0.023000001907348633
1477,1475,0.023000001907348633
1478,1476,0.02299976348876953
1479,1477,0.023000240325927734
1480,1478,0.02399587631225586
1481,1479,0.02300405502319336
1482,1480,0.023000240325927734
1483,1481,0.02299976348876953
1484,1482,0.022989511489868164
1485,1483,0.02400994300842285
1486,1484,0.023000240325927734
1487,1485,0.023999929428100586
1488,1486,0.02399611473083496
1489,1487,0.023000001907348633
1490,1488,0.024004220962524414
1491,1489,0.023999691009521484
1492,1490,0.02299976348876953
1493,1491,0.02400064468383789
1494,1492,0.023999691009521484
1495,1493,0.023999691009521484
1496,1494,0.024000167846679688
1497,1495,0.024000167846679688
1498,1496,0.023987531661987305
1499,1497,0.024012327194213867
1500,1498,0.024000167846679688
1501,1499,0.02400374412536621
1502,1500,0.023999929428100586
1503,1501,0.025000333786010742
1504,1502,0.023999452590942383
1505,1503,0.024996280670166016
1506,1504,0.023999929428100586
1507,1505,0.025004148483276367
1508,1506,0.023988962173461914
1509,1507,0.025007009506225586
1510,1508,0.025003910064697266
1511,1509,0.024996280670166016
1512,1510,0.02400374412536621
1513,1511,0.024996042251586914
1514,1512,0.025005102157592773
1515,1513,0.02499842643737793
1516,1514,0.025000572204589844
1517,1515,0.02500128746032715
1518,1516,0.02499866485595703
1519,1517,0.025000810623168945
1520,1518,0.02493000030517578
1521,1519,0.02501964569091797
1522,1520,0.026000261306762695
1523,1521,0.02499985694885254
1524,1522,0.02500009536743164
1525,1523,0.02499985694885254
1526,1524,0.026000261306762695
1527,1525,0.025995969772338867
1528,1526,0.025003910064697266
1529,1527,0.025690555572509766
1530,1528,0.026000499725341797
1531,1529,0.024999618530273438
1532,1530,0.026000022888183594
1533,1531,0.025988340377807617
1534,1532,0.02601170539855957
1535,1533,0.026000499725341797
1536,1534,0.025999784469604492
1537,1535,0.025995492935180664
1538,1536,0.026004314422607422
1539,1537,0.0260007381439209
1540,1538,0.02599954605102539
1541,1539,0.026999235153198242
1542,1540,0.02638101577758789
1543,1541,0.026996374130249023
1544,1542,0.026003599166870117
1545,1543,0.026000261306762695
1546,1544,0.026999711990356445
1547,1545,0.025999784469604492
1548,1546,0.02699112892150879
1549,1547,0.027009010314941406
1550,1548,0.026000261306762695
1551,1549,0.026999950408935547
1552,1550,0.026999950408935547
1553,1551,0.026996374130249023
1554,1552,0.026003599166870117
1555,1553,0.02688431739807129
1556,1554,0.026999950408935547
1557,1555,0.02700018882751465
1558,1556,0.026999950408935547
1559,1557,0.0280001163482666
1560,1558,0.026999950408935547
1561,1559,0.02700018882751465
1562,1560,0.02699565887451172
1563,1561,0.028003931045532227
1564,1562,0.02700018882751465
1565,1563,0.026999950408935547
1566,1564,0.0279998779296875
1567,1565,0.02700018882751465
1568,1566,0.0279998779296875
1569,1567,0.0279998779296875
1570,1568,0.02700018882751465
1571,1569,0.0279998779296875
1572,1570,0.02788543701171875
1573,1571,0.0280001163482666
1574,1572,0.026999950408935547
1575,1573,0.02699565887451172
1576,1574,0.0280001163482666
1577,1575,0.028003931045532227
1578,1576,0.027996063232421875
1579,1577,0.028003692626953125
1580,1578,0.027650117874145508
1581,1579,0.0280001163482666
1582,1580,0.029001951217651367
1583,1581,0.027997970581054688
1584,1582,0.029000043869018555
1585,1583,0.0280001163482666
1586,1584,0.028999805450439453
1587,1585,0.0280001163482666
1588,1586,0.028999805450439453
1589,1587,0.029001474380493164
1590,1588,0.02799844741821289
1591,1589,0.029000043869018555
1592,1590,0.028996706008911133
1593,1591,0.02899956703186035
1594,1592,0.02900409698486328
1595,1593,0.028999805450439453
1596,1594,0.02900075912475586
1597,1595,0.02899909019470215
1598,1596,0.029000282287597656
1599,1597,0.028999805450439453
1600,1598,0.029000043869018555
1601,1599,0.029000282287597656
1602,1600,0.028999805450439453
1603,1601,0.030004024505615234
1604,1602,0.028995990753173828
1605,1603,0.030003786087036133
1606,1604,0.03000044822692871
1607,1605,0.02899956703186035
1608,1606,0.03000020980834961
1609,1607,0.03000020980834961
1610,1608,0.028847455978393555
1611,1609,0.03000020980834961
1612,1610,0.03000020980834961
1613,1611,0.030879735946655273
1614,1612,0.03000330924987793
1615,1613,0.03000020980834961
1616,1614,0.029987335205078125
1617,1615,0.031012773513793945
1618,1616,0.029999971389770508
1619,1617,0.03000020980834961
1620,1618,0.03099966049194336
1621,1619,0.029996156692504883
1622,1620,0.02999591827392578
1623,1621,0.031003952026367188
1624,1622,0.029999971389770508
1625,1623,0.03099656105041504
1626,1624,0.030679941177368164
1627,1625,0.031000137329101562
1628,1626,0.029999732971191406
1629,1627,0.029999971389770508
1630,1628,0.031000137329101562
1631,1629,0.03099989891052246
1632,1630,0.030989646911621094
1633,1631,0.03101062774658203
1634,1632,0.03099966049194336
1635,1633,0.030996084213256836
1636,1634,0.031003952026367188
1637,1635,0.03099966049194336
1638,1636,0.031000375747680664
1639,1637,0.030995845794677734
1640,1638,0.03200030326843262
1641,1639,0.031003952026367188
1642,1640,0.032000064849853516
1643,1641,0.031999826431274414
1644,1642,0.03200078010559082
1645,1643,0.03199934959411621
1646,1644,0.032000064849853516
1647,1645,0.031999826431274414
1648,1646,0.031999826431274414
1649,1647,0.03199625015258789
1650,1648,0.03200387954711914
1651,1649,0.03199601173400879
1652,1650,0.03199911117553711
1653,1651,0.03300619125366211
1654,1652,0.03199911117553711
1655,1653,0.03199934959411621
1656,1654,0.03300023078918457
1657,1655,0.032000064849853516
1658,1656,0.03299999237060547
1659,1657,0.031999826431274414
1660,1658,0.03299999237060547
1661,1659,0.032000064849853516
1662,1660,0.031891584396362305
1663,1661,0.03299593925476074
1664,1662,0.033003807067871094
1665,1663,0.03299999237060547
1666,1664,0.03300023078918457
1667,1665,0.03300023078918457
1668,1666,0.033670902252197266
1669,1667,0.032999515533447266
1670,1668,0.03300023078918457
1671,1669,0.03399991989135742
1672,1670,0.03300070762634277
1673,1671,0.03299903869628906
1674,1672,0.03299999237060547
1675,1673,0.033995866775512695
1676,1674,0.033004045486450195
1677,1675,0.03400015830993652
1678,1676,0.03399991989135742
1679,1677,0.03299975395202637
1680,1678,0.03400015830993652
1681,1679,0.03400015830993652
1682,1680,0.03399991989135742
1683,1681,0.03599977493286133
1684,1682,0.03400015830993652
1685,1683,0.03400015830993652
1686,1684,0.03399968147277832
1687,1685,0.03500008583068848
1688,1686,0.03398871421813965
1689,1687,0.0340113639831543
1690,1688,0.03500008583068848
1691,1689,0.033995866775512695
1692,1690,0.0350041389465332
1693,1691,0.034999847412109375
1694,1692,0.03399991989135742
1695,1693,0.03600025177001953
1696,1694,0.03399991989135742
1697,1695,0.034999847412109375
1698,1696,0.03500032424926758
1699,1697,0.034999847412109375
1700,1698,0.03500008583068848
1701,1699,0.03600001335144043
1702,1700,0.03506302833557129
1703,1701,0.03499960899353027
1704,1702,0.03500032424926758
1705,1703,0.03600001335144043
1706,1704,0.034999847412109375
1707,1705,0.035996437072753906
1708,1706,0.03567767143249512
1709,1707,0.03500008583068848
1710,1708,0.03700399398803711
1711,1709,0.03599977493286133
1712,1710,0.03600001335144043
1713,1711,0.03600001335144043
1714,1712,0.03600001335144043
1715,1713,0.035996198654174805
1716,1714,0.03600430488586426
1717,1715,0.0359957218170166
1718,1716,0.03700399398803711
1719,1717,0.03600001335144043
1720,1718,0.03600001335144043
1721,1719,0.03699994087219238
1722,1720,0.0359957218170166
1723,1721,0.03700423240661621
1724,1722,0.03600025177001953
1725,1723,0.03699970245361328
1726,1724,0.036995887756347656
1727,1725,0.038004398345947266
1728,1726,0.03600001335144043
1729,1727,0.036995649337768555
1730,1728,0.03700399398803711
1731,1729,0.037000179290771484
1732,1730,0.037000179290771484
1733,1731,0.037999868392944336
1734,1732,0.037000179290771484
1735,1733,0.037999629974365234
1736,1734,0.037000179290771484
1737,1735,0.03699994087219238
1738,1736,0.037999868392944336
1739,1737,0.037384986877441406
1740,1738,0.03800392150878906
1741,1739,0.037999868392944336
1742,1740,0.037000417709350586
1743,1741,0.037999629974365234
1744,1742,0.037999868392944336
1745,1743,0.038709402084350586
1746,1744,0.03798842430114746
1747,1745,0.038011789321899414
1748,1746,0.03800034523010254
1749,1747,0.037999868392944336
1750,1748,0.03799557685852051
1751,1749,0.0390927791595459
1752,1750,0.03800058364868164
1753,1751,0.03899550437927246
1754,1752,0.03800392150878906
1755,1753,0.03900027275085449
1756,1754,0.03800010681152344
1757,1755,0.03867936134338379
1758,1756,0.03900456428527832
1759,1757,0.03900027275085449
1760,1758,0.038999319076538086
1761,1759,0.03900003433227539
1762,1760,0.03899979591369629
1763,1761,0.03900003433227539
1764,1762,0.03999614715576172
1765,1763,0.03900003433227539
1766,1764,0.04000401496887207
1767,1765,0.03900003433227539
1768,1766,0.038995981216430664
1769,1767,0.052671194076538086
1770,1768,0.04699420928955078
1771,1769,0.03900408744812012
1772,1770,0.03999590873718262
1773,1771,0.04001498222351074
1774,1772,0.03999519348144531
1775,1773,0.04000425338745117
1776,1774,0.04200029373168945
1777,1775,0.039999961853027344
1778,1776,0.03999972343444824
1779,1777,0.03985595703125
1780,1778,0.0410001277923584
1781,1779,0.0394129753112793
1782,1780,0.041991472244262695
1783,1781,0.04099392890930176
1784,1782,0.04201388359069824
1785,1783,0.039999961853027344
1786,1784,0.04069066047668457
1787,1785,0.0409998893737793
1788,1786,0.039999961853027344
1789,1787,0.0410001277923584
1790,1788,0.0409998893737793
1791,1789,0.04099559783935547
1792,1790,0.04100441932678223
1793,1791,0.0410003662109375
1794,1792,0.07899975776672363
1795,1793,0.062000274658203125
1796,1794,0.05499863624572754
1797,1795,0.04900193214416504
1798,1796,0.046999216079711914
1799,1797,0.046987295150756836
1800,1798,0.047011613845825195
1801,1799,0.04700112342834473
1802,1800,0.04699969291687012
1803,1801,0.046999454498291016
1804,1802,0.04816293716430664
1805,1803,0.04699993133544922
1806,1804,0.04699540138244629
1807,1805,0.047003746032714844
1808,1806,0.04800105094909668
1809,1807,0.04669809341430664
1810,1808,0.047011613845825195
1811,1809,0.04699516296386719
1812,1810,0.046999454498291016
1813,1811,0.048000335693359375
1814,1812,0.04900026321411133
1815,1813,0.04699993133544922
1816,1814,0.04799985885620117
1817,1815,0.04898571968078613
1818,1816,0.04901456832885742
1819,1817,0.04899930953979492
1820,1818,0.04800057411193848
1821,1819,0.049057722091674805
1822,1820,0.047942161560058594
1823,1821,0.04900026321411133
1824,1822,0.04899930953979492
1825,1823,0.04800057411193848
1826,1824,0.04900002479553223
1827,1825,0.04900002479553223
1828,1826,0.04999542236328125
1829,1827,0.049004316329956055
1830,1828,0.04900002479553223
1831,1829,0.04900026321411133
1832,1830,0.04915332794189453
1833,1831,0.04999995231628418
1834,1832,0.048999786376953125
1835,1833,0.050002098083496094
1836,1834,0.04899334907531738
1837,1835,0.04973411560058594
1838,1836,0.05101418495178223
1839,1837,0.05000019073486328
1840,1838,0.048999786376953125
1841,1839,0.05000448226928711
1842,1840,0.051000356674194336
1843,1841,0.04999971389770508
1844,1842,0.049999237060546875
1845,1843,0.0499873161315918
1846,1844,0.051016807556152344
1847,1845,0.05399203300476074
1848,1846,0.05000448226928711
1849,1847,0.052139997482299805
1850,1848,0.05000472068786621
1851,1849,0.0509953498840332
1852,1850,0.05200481414794922
1853,1851,0.050660133361816406
1854,1852,0.05000019073486328
1855,1853,0.04999971389770508
1856,1854,0.05200004577636719
1857,1855,0.051985979080200195
1858,1856,0.05200934410095215
1859,1857,0.050972938537597656
1860,1858,0.05200028419494629
1861,1859,0.051999807357788086
1862,1860,0.051995277404785156
1863,1861,0.05200481414794922
1864,1862,0.05266618728637695
1865,1863,0.05301237106323242
1866,1864,0.051995277404785156
1867,1865,0.05200481414794922
1868,1866,0.05299949645996094
1869,1867,0.052995920181274414
1870,1868,0.05300450325012207
1871,1869,0.05200004577636719
1872,1870,0.05300021171569824
1873,1871,0.05299973487854004
1874,1872,0.05299997329711914
1875,1873,0.05299544334411621
1876,1874,0.05299115180969238
1877,1875,0.05401349067687988
1878,1876,0.05393552780151367
1879,1877,0.05299997329711914
1880,1878,0.053995609283447266
1881,1879,0.05400443077087402
1882,1880,0.053667545318603516
1883,1881,0.053999900817871094
1884,1882,0.054000139236450195
1885,1883,0.054148197174072266
1886,1884,0.05500006675720215
1887,1885,0.05399966239929199
1888,1886,0.053995609283447266
1889,1887,0.05467104911804199
1890,1888,0.05400490760803223
1891,1889,0.05399966239929199
1892,1890,0.05499982833862305
1893,1891,0.054000139236450195
1894,1892,0.05498552322387695
1895,1893,0.05501389503479004
1896,1894,0.0540006160736084
1897,1895,0.05499982833862305
1898,1896,0.05499553680419922
1899,1897,0.0559999942779541
1900,1898,0.05500388145446777
1901,1899,0.056000471115112305
1902,1900,0.05499577522277832
1903,1901,0.05600428581237793
1904,1902,0.05500006675720215
1905,1903,0.057000160217285156
1906,1904,0.055999755859375
1907,1905,0.05500006675720215
1908,1906,0.0559999942779541
1909,1907,0.057000160217285156
1910,1908,0.05518841743469238
1911,1909,0.0559999942779541
1912,1910,0.05698680877685547
1913,1911,0.05768609046936035
1914,1912,0.05600452423095703
1915,1913,0.056999921798706055
1916,1914,0.05704855918884277
1917,1915,0.05700278282165527
1918,1916,0.056999921798706055
1919,1917,0.056999921798706055
1920,1918,0.056687116622924805
1921,1919,0.057000160217285156
1922,1920,0.056999921798706055
1923,1921,0.05693483352661133
1924,1922,0.05800056457519531
1925,1923,0.057999610900878906
1926,1924,0.057000160217285156
1927,1925,0.056999921798706055
1928,1926,0.05799984931945801
1929,1927,0.05799555778503418
1930,1928,0.05800008773803711
1931,1929,0.05800437927246094
1932,1930,0.05900001525878906
1933,1931,0.05800008773803711
1934,1932,0.05898594856262207
1935,1933,0.05799984931945801
1936,1934,0.059000492095947266
1937,1935,0.05867505073547363
1938,1936,0.05799984931945801
1939,1937,0.05899977684020996
1940,1938,0.05800032615661621
1941,1939,0.05900001525878906
1942,1940,0.05900001525878906
1943,1941,0.05899977684020996
1944,1942,0.05999279022216797
1945,1943,0.05900740623474121
1946,1944,0.05899500846862793
1947,1945,0.059000492095947266
1948,1946,0.059999704360961914
1949,1947,0.059079885482788086
1950,1948,0.059999942779541016
1951,1949,0.06698918342590332
1952,1950,0.062009572982788086
1953,1951,0.06398725509643555
1954,1952,0.06000375747680664
1955,1953,0.06201028823852539
1956,1954,0.06100010871887207
1957,1955,0.059999942779541016
1958,1956,0.06099557876586914
1959,1957,0.060004472732543945
1960,1958,0.06070303916931152
1961,1959,0.06698870658874512
1962,1960,0.06099820137023926
1963,1961,0.06200218200683594
1964,1962,0.060997962951660156
1965,1963,0.061000823974609375
1966,1964,0.061998844146728516
1967,1965,0.06099987030029297
1968,1966,0.06400394439697266
1969,1967,0.060996294021606445
1970,1968,0.06200051307678223
1971,1969,0.06099963188171387
1972,1970,0.06301236152648926
1973,1971,0.06200075149536133
1974,1972,0.06199979782104492
1975,1973,0.06100034713745117
1976,1974,0.06300067901611328
1977,1975,0.06199908256530762
1978,1976,0.0619354248046875
1979,1977,0.061995744705200195
1980,1978,0.0630037784576416
1981,1979,0.06200003623962402
1982,1980,0.06267547607421875
1983,1981,0.0630035400390625
1984,1982,0.06400203704833984
1985,1983,0.06299114227294922
1986,1984,0.0630033016204834
1987,1985,0.06400442123413086
1988,1986,0.06299543380737305
1989,1987,0.0630044937133789
1990,1988,0.06299996376037598
1991,1989,0.06299996376037598
1992,1990,0.06399989128112793
1993,1991,0.06299996376037598
1994,1992,0.06300020217895508
1995,1993,0.06300044059753418
1996,1994,0.06499958038330078
1997,1995,0.06399917602539062
1998,1996,0.06400084495544434
1999,1997,0.07417440414428711
2000,1998,0.07102584838867188
2001,1999,0.06499481201171875
2002,2000,0.06500005722045898
2003,2001,0.06663966178894043
2004,2002,0.06599545478820801
2005,2003,0.06600451469421387
2006,2004,0.06465864181518555
2007,2005,0.06547427177429199
2008,2006,0.06499552726745605
2009,2007,0.06500005722045898
2010,2008,0.06599020957946777
2011,2009,0.0660090446472168
2012,2010,0.06700468063354492
2013,2011,0.06600069999694824
2014,2012,0.06599974632263184
2015,2013,0.0679922103881836
2016,2014,0.06569504737854004
2017,2015,0.06707119941711426
2018,2016,0.06599760055541992
2019,2017,0.06900238990783691
2020,2018,0.06592082977294922
2021,2019,0.06700468063354492
2022,2020,0.06699919700622559
2023,2021,0.0670008659362793
2024,2022,0.06768274307250977
2025,2023,0.06699323654174805
2026,2024,0.06800961494445801
2027,2025,0.06700468063354492
2028,2026,0.0680384635925293
2029,2027,0.06800007820129395
2030,2028,0.06799983978271484
2031,2029,0.06700015068054199
2032,2030,0.06800007820129395
2033,2031,0.06868386268615723
2034,2032,0.06700444221496582
2035,2033,0.069000244140625
2036,2034,0.06800007820129395
2037,2035,0.06799983978271484
2038,2036,0.0690000057220459
2039,2037,0.06799983978271484
2040,2038,0.06888055801391602
2041,2039,0.06901025772094727
2042,2040,0.06999969482421875
2043,2041,0.06967329978942871
2044,2042,0.07000017166137695
2045,2043,0.06871223449707031
2046,2044,0.0690000057220459
2047,2045,0.06999993324279785
2048,2046,0.06967306137084961
2049,2047,0.06999516487121582
2050,2048,0.07000470161437988
2051,2049,0.06999993324279785
2052,2050,0.069000244140625
2053,2051,0.07000017166137695
2054,2052,0.06898832321166992
2055,2053,0.07001185417175293
2056,2054,0.07000017166137695
2057,2055,0.07000017166137695
2058,2056,0.0710000991821289
2059,2057,0.07099509239196777
2060,2058,0.07091569900512695
2061,2059,0.07100462913513184
2062,2060,0.07200002670288086
2063,2061,0.0706634521484375
2064,2062,0.07100462913513184
2065,2063,0.07099509239196777
2066,2064,0.07100033760070801
2067,2065,0.07200431823730469
2068,2066,0.07198619842529297
2069,2067,0.07200932502746582
2070,2068,0.07200455665588379
2071,2069,0.07200002670288086
2072,2070,0.07200002670288086
2073,2071,0.07300019264221191
2074,2072,0.07266354560852051
2075,2073,0.07200002670288086
2076,2074,0.07199978828430176
2077,2075,0.07299518585205078
2078,2076,0.07167291641235352
2079,2077,0.07321619987487793
2080,2078,0.07300043106079102
2081,2079,0.07200026512145996
2082,2080,0.07367944717407227
2083,2081,0.07400965690612793
2084,2082,0.0740044116973877
2085,2083,0.07400012016296387
2086,2084,0.07400012016296387
2087,2085,0.07399988174438477
2088,2086,0.07399940490722656
2089,2087,0.07400059700012207
2090,2088,0.07400012016296387
2091,2089,0.07299995422363281
2092,2090,0.07500004768371582
2093,2091,0.07399511337280273
2094,2092,0.0740048885345459
2095,2093,0.07500004768371582
2096,2094,0.07399535179138184
2097,2095,0.07500457763671875
2098,2096,0.07606840133666992
2099,2097,0.07400012016296387
2100,2098,0.07800006866455078
2101,2099,0.07567596435546875
2102,2100,0.07500004768371582
2103,2101,0.07500004768371582
2104,2102,0.07600021362304688
2105,2103,0.07599997520446777
2106,2104,0.0769951343536377
2107,2105,0.07500457763671875
2108,2106,0.07599997520446777
2109,2107,0.07599925994873047
2110,2108,0.07783365249633789
2111,2109,0.07600927352905273
2112,2110,0.0760049819946289
2113,2111,0.07698726654052734
2114,2112,0.07566642761230469
2115,2113,0.07699918746948242
2116,2114,0.07699942588806152
2117,2115,0.07700061798095703
2118,2116,0.07699823379516602
2119,2117,0.07699990272521973
2120,2118,0.07700014114379883
2121,2119,0.07800149917602539
2122,2120,0.0780022144317627
2123,2121,0.07799625396728516
2124,2122,0.07700085639953613
2125,2123,0.07799935340881348
2126,2124,0.07800006866455078
2127,2125,0.07908892631530762
2128,2126,0.07700014114379883
2129,2127,0.07799983024597168
2130,2128,0.09863710403442383
2131,2129,0.0780024528503418
2132,2130,0.07799744606018066
2133,2131,0.07799983024597168
2134,2132,0.08000302314758301
2135,2133,0.07799649238586426
2136,2134,0.07900118827819824
2137,2135,0.07899904251098633
2138,2136,0.07899999618530273
2139,2137,0.08000469207763672
2140,2138,0.07999658584594727
2141,2139,0.07999873161315918
2142,2140,0.08000016212463379
2143,2141,0.07900071144104004
2144,2142,0.07899928092956543
2145,2143,0.07899904251098633
2146,2144,0.07999968528747559
2147,2145,0.08100008964538574
2148,2146,0.08100223541259766
2149,2147,0.07999753952026367
2150,2148,0.07999992370605469
2151,2149,0.08000040054321289
2152,2150,0.08100008964538574
2153,2151,0.08812260627746582
2154,2152,0.08899116516113281
2155,2153,0.0810089111328125
2156,2154,0.0819997787475586
2157,2155,0.08065509796142578
2158,2156,0.08100008964538574
2159,2157,0.08098554611206055
2160,2158,0.08401036262512207
2161,2159,0.08200335502624512
2162,2160,0.08099985122680664
2163,2161,0.0820009708404541
2164,2162,0.08199906349182129
2165,2163,0.0820002555847168
2166,2164,0.08299612998962402
2167,2165,0.08730673789978027
2168,2166,0.08100438117980957
2169,2167,0.0819997787475586
2170,2168,0.08168721199035645
2171,2169,0.08298563957214355
2172,2170,0.08201360702514648
2173,2171,0.08199620246887207
2174,2172,0.09400367736816406
2175,2173,0.08300065994262695
2176,2174,0.08300018310546875
2177,2175,0.08299994468688965
2178,2176,0.08300018310546875
2179,2177,0.08299970626831055
2180,2178,0.08300042152404785
2181,2179,0.0839996337890625
2182,2180,0.08299970626831055
2183,2181,0.08398604393005371
2184,2182,0.0840144157409668
2185,2183,0.08399534225463867
2186,2184,0.08500003814697266
2187,2185,0.08400464057922363
2188,2186,0.08600020408630371
2189,2187,0.08598780632019043
2190,2188,0.08700752258300781
2191,2189,0.08500003814697266
2192,2190,0.08500456809997559
2193,2191,0.08499550819396973
2194,2192,0.0863044261932373
2195,2193,0.08600425720214844
2196,2194,0.08500003814697266
2197,2195,0.08599996566772461
2198,2196,0.08599972724914551
2199,2197,0.08525919914245605
2200,2198,0.08700037002563477
2201,2199,0.08799982070922852
2202,2200,0.08767533302307129
2203,2201,0.0859994888305664
2204,2202,0.08699560165405273
2205,2203,0.08600687980651855
2206,2204,0.08798360824584961
2207,2205,0.08701395988464355
2208,2206,0.08699989318847656
2209,2207,0.08700013160705566
2210,2208,0.08799958229064941
2211,2209,0.08800053596496582
2212,2210,0.08899974822998047
2213,2211,0.08799958229064941
2214,2212,0.08698773384094238
2215,2213,0.08801126480102539
2216,2214,0.08699989318847656
2217,2215,0.08857583999633789
2218,2216,0.08799982070922852
2219,2217,0.08995628356933594
2220,2218,0.08899927139282227
2221,2219,0.08867692947387695
2222,2220,0.08899998664855957
2223,2221,0.08886289596557617
2224,2222,0.08899998664855957
2225,2223,0.08900022506713867
2226,2224,0.08901429176330566
2227,2225,0.08899974822998047
2228,2226,0.08900022506713867
2229,2227,0.09026622772216797
2230,2228,0.08900070190429688
2231,2229,0.0890042781829834
2232,2230,0.08999991416931152
2233,2231,0.08999967575073242
2234,2232,0.09067130088806152
2235,2233,0.09099984169006348
2236,2234,0.09000396728515625
2237,2235,0.09099602699279785
2238,2236,0.09200406074523926
2239,2237,0.09099578857421875
2240,2238,0.09200048446655273
2241,2239,0.09200358390808105
2242,2240,0.09149169921875
2243,2241,0.09200334548950195
2244,2242,0.09300041198730469
2245,2243,0.09199953079223633
2246,2244,0.09099841117858887
2247,2245,0.09268307685852051
2248,2246,0.09200000762939453
2249,2247,0.09200000762939453
2250,2248,0.09200000762939453
2251,2249,0.0919959545135498
2252,2250,0.09300017356872559
2253,2251,0.09300374984741211
2254,2252,0.09200000762939453
2255,2253,0.09401512145996094
2256,2254,0.09466099739074707
2257,2255,0.09300017356872559
2258,2256,0.09266042709350586
2259,2257,0.093048095703125
2260,2258,0.09299993515014648
2261,2259,0.0936586856842041
2262,2260,0.09399938583374023
2263,2261,0.09400057792663574
2264,2262,0.09499979019165039
2265,2263,0.09299993515014648
2266,2264,0.09400105476379395
2267,2265,0.09499859809875488
2268,2266,0.09499621391296387
2269,2267,0.09400391578674316
2270,2268,0.09399986267089844
2271,2269,0.0950002670288086
2272,2270,0.09498786926269531
2273,2271,0.09501218795776367
2274,2272,0.09590005874633789
2275,2273,0.09599590301513672
2276,2274,0.10566329956054688
2277,2275,0.10555577278137207
2278,2276,0.09400010108947754
2279,2277,0.09466719627380371
2280,2278,0.0969996452331543
2281,2279,0.09500002861022949
2282,2280,0.10098695755004883
2283,2281,0.09601306915283203
2284,2282,0.09598970413208008
2285,2283,0.09600639343261719
2286,2284,0.09600400924682617
2287,2285,0.09888648986816406
2288,2286,0.0969996452331543
2289,2287,0.09598660469055176
2290,2288,0.09570932388305664
2291,2289,0.09599971771240234
2292,2290,0.09800004959106445
2293,2291,0.09598851203918457
2294,2292,0.09701156616210938
2295,2293,0.0969998836517334
2296,2294,0.0969998836517334
2297,2295,0.09900021553039551
2298,2296,0.09799957275390625
2299,2297,0.09799981117248535
2300,2298,0.09800004959106445
2301,2299,0.0999748706817627
2302,2300,0.09801197052001953
2303,2301,0.09800004959106445
2304,2302,0.09800004959106445
2305,2303,0.0996856689453125
2306,2304,0.09800004959106445
2307,2305,0.0989997386932373
2308,2306,0.09900021553039551
2309,2307,0.09999990463256836
2310,2308,0.0989999771118164
2311,2309,0.09900021553039551
2312,2310,0.09899544715881348
2313,2311,0.09900355339050293
2314,2312,0.09900093078613281
2315,2313,0.10003471374511719
2316,2314,0.10100078582763672
2317,2315,0.09967565536499023
2318,2316,0.09999990463256836
2319,2317,0.10000014305114746
2320,2318,0.09999918937683105
2321,2319,0.10000085830688477
2322,2320,0.10099983215332031
2323,2321,0.09999990463256836
2324,2322,0.10092854499816895
2325,2323,0.10100030899047852
2326,2324,0.10199522972106934
2327,2325,0.10068941116333008
2328,2326,0.10199975967407227
2329,2327,0.10120224952697754
2330,2328,0.10099577903747559
2331,2329,0.10100483894348145
2332,2330,0.1017007827758789
2333,2331,0.10199952125549316
2334,2332,0.10199618339538574
2335,2333,0.10300493240356445
2336,2334,0.10215997695922852
2337,2335,0.10182762145996094
2338,2336,0.10399985313415527
2339,2337,0.10168623924255371
2340,2338,0.10299968719482422
2341,2339,0.10300016403198242
2342,2340,0.1019124984741211
2343,2341,0.1040043830871582
2344,2342,0.10368537902832031
2345,2343,0.10400032997131348
2346,2344,0.10299968719482422
2347,2345,0.10400056838989258
2348,2346,0.10399508476257324
2349,2347,0.1040048599243164
2350,2348,0.10399985313415527
2351,2349,0.10400009155273438
2352,2350,0.10398626327514648
2353,2351,0.10501289367675781
2354,2352,0.10600090026855469
2355,2353,0.10489416122436523
2356,2354,0.10500025749206543
2357,2355,0.10467743873596191
2358,2356,0.10700750350952148
2359,2357,0.10499978065490723
2360,2358,0.10599970817565918
2361,2359,0.10500073432922363
2362,2360,0.10599517822265625
2363,2361,0.10700440406799316
2364,2362,0.10700082778930664
2365,2363,0.10739707946777344
2366,2364,0.10600471496582031
2367,2365,0.10699987411499023
2368,2366,0.10895490646362305
2369,2367,0.11298561096191406
2370,2368,0.11201024055480957
2371,2369,0.10899496078491211
2372,2370,0.10800909996032715
2373,2371,0.1069951057434082
2374,2372,0.10800457000732422
2375,2373,0.10865116119384766
2376,2374,0.11099529266357422
2377,2375,0.10800480842590332
2378,2376,0.10899519920349121
2379,2377,0.10799217224121094
2380,2378,0.10898542404174805
2381,2379,0.11001372337341309
2382,2380,0.10867786407470703
2383,2381,0.1103050708770752
2384,2382,0.10899972915649414
2385,2383,0.10968637466430664
2386,2384,0.1099996566772461
2387,2385,0.10900020599365234
2388,2386,0.10899996757507324
2389,2387,0.10995721817016602
2390,2388,0.11100983619689941
2391,2389,0.1106717586517334
2392,2390,0.11100006103515625
2393,2391,0.1100001335144043
2394,2392,0.10899949073791504
2395,2393,0.11100029945373535
2396,2394,0.10967493057250977
2397,2395,0.11000442504882812
2398,2396,0.11116790771484375
2399,2397,0.11499977111816406
2400,2398,0.11364102363586426
2401,2399,0.1119997501373291
2402,2400,0.11400032043457031
2403,2401,0.11300015449523926
2404,2402,0.11399960517883301
2405,2403,0.1137850284576416
2406,2404,0.11400151252746582
2407,2405,0.11463260650634766
2408,2406,0.114013671875
2409,2407,0.11400032043457031
2410,2408,0.11399531364440918
2411,2409,0.11300444602966309
2412,2410,0.11400032043457031
2413,2411,0.12354421615600586
2414,2412,0.11400866508483887
2415,2413,0.11263537406921387
2416,2414,0.1139988899230957
2417,2415,0.11400532722473145
2418,2416,0.11800003051757812
2419,2417,0.11299991607666016
2420,2418,0.11589193344116211
2421,2419,0.11300134658813477
2422,2420,0.11465263366699219
2423,2421,0.11400461196899414
2424,2422,0.11299538612365723
2425,2423,0.11500024795532227
2426,2424,0.1210019588470459
2427,2425,0.11499786376953125
2428,2426,0.11500024795532227
2429,2427,0.1139829158782959
2430,2428,0.11599612236022949
2431,2429,0.11508440971374512
2432,2430,0.11499571800231934
2433,2431,0.11367177963256836
2434,2432,0.11500930786132812
2435,2433,0.11600017547607422
2436,2434,0.11600446701049805
2437,2435,0.1139993667602539
2438,2436,0.11100006103515625
2439,2437,0.1119999885559082
2440,2438,0.11300134658813477
2441,2439,0.11091899871826172
2442,2440,0.1119999885559082
2443,2441,0.11085152626037598
2444,2442,0.1119999885559082
2445,2443,0.11099576950073242
2446,2444,0.11300420761108398
2447,2445,0.1119999885559082
2448,2446,0.11299610137939453
2449,2447,0.1119999885559082
2450,2448,0.11300396919250488
2451,2449,0.11300063133239746
2452,2450,0.11199951171875
2453,2451,0.11391496658325195
2454,2452,0.11300396919250488
2455,2453,0.1136629581451416
2456,2454,0.11400008201599121
2457,2455,0.11399602890014648
2458,2456,0.11400413513183594
2459,2457,0.11400008201599121
2460,2458,0.1139988899230957
2461,2459,0.11499238014221191
2462,2460,0.11404657363891602
2463,2461,0.11501169204711914
2464,2462,0.11469626426696777
2465,2463,0.11513185501098633
2466,2464,0.11499977111816406
2467,2465,0.11565518379211426
2468,2466,0.11498785018920898
2469,2467,0.11501216888427734
2470,2468,0.11660337448120117
2471,2469,0.11500406265258789
2472,2470,0.11570906639099121
2473,2471,0.11499977111816406
2474,2472,0.11700010299682617
2475,2473,0.11599993705749512
2476,2474,0.11600136756896973
2477,2475,0.11597657203674316
2478,2476,0.11571764945983887
2479,2477,0.11700320243835449
2480,2478,0.11700034141540527
2481,2479,0.11599588394165039
2482,2480,0.11800384521484375
2483,2481,0.11714386940002441
2484,2482,0.11700034141540527
2485,2483,0.11695599555969238
2486,2484,0.11700868606567383
2487,2485,0.1179955005645752
2488,2486,0.1189112663269043
2489,2487,0.11700320243835449
2490,2488,0.1177070140838623
2491,2489,0.11800384521484375
2492,2490,0.11800026893615723
2493,2491,0.11899995803833008
2494,2492,0.11899590492248535
2495,2493,0.126570463180542
2496,2494,0.12599945068359375
2497,2495,0.1209871768951416
2498,2496,0.11899995803833008
2499,2497,0.12064170837402344
2500,2498,0.12312841415405273
2501,2499,0.12044906616210938
2502,2500,0.11998653411865234
2503,2501,0.1196892261505127
2504,2502,0.12099933624267578
2505,2503,0.12202167510986328
2506,2504,0.12399983406066895
2507,2505,0.12199997901916504
2508,2506,0.12267494201660156
2509,2507,0.12000012397766113
2510,2508,0.12199974060058594
2511,2509,0.12082743644714355
2512,2510,0.12168169021606445
2513,2511,0.12200021743774414
2514,2512,0.12299537658691406
2515,2513,0.12200021743774414
2516,2514,0.12200427055358887
2517,2515,0.12199997901916504
2518,2516,0.1230001449584961
2519,2517,0.12199997901916504
2520,2518,0.12299919128417969
2521,2519,0.12376117706298828
2522,2520,0.12399530410766602
2523,2521,0.12500715255737305
2524,2522,0.12299752235412598
2525,2523,0.12268686294555664
2526,2524,0.12499570846557617
2527,2525,0.12500452995300293
2528,2526,0.12499547004699707
2529,2527,0.12400627136230469
2530,2528,0.12399911880493164
2531,2529,0.1249990463256836
2532,2530,0.12499523162841797
2533,2531,0.12415218353271484
2534,2532,0.12568116188049316
2535,2533,0.1249990463256836
2536,2534,0.125
2537,2535,0.1250019073486328
2538,2536,0.1249990463256836
2539,2537,0.13200020790100098
2540,2538,0.12599515914916992
2541,2539,0.12500476837158203
2542,2540,0.125
2543,2541,0.1289992332458496
2544,2542,0.12722206115722656
2545,2543,0.12599992752075195
2546,2544,0.12599992752075195
2547,2545,0.12683415412902832
2548,2546,0.13474822044372559
2549,2547,0.1269991397857666
2550,2548,0.12766695022583008
2551,2549,0.12800025939941406
2552,2550,0.1289997100830078
2553,2551,0.1269998550415039
2554,2552,0.12729406356811523
2555,2553,0.1300029754638672
2556,2554,0.128997802734375
2557,2555,0.1286640167236328
2558,2556,0.13000106811523438
2559,2557,0.12799882888793945
2560,2558,0.13000011444091797
2561,2559,0.13000082969665527
2562,2560,0.1289985179901123
2563,2561,0.12900066375732422
2564,2562,0.12999987602233887
2565,2563,0.129805326461792
2566,2564,0.13199973106384277
2567,2565,0.13000059127807617
2568,2566,0.13066411018371582
2569,2567,0.12999963760375977
2570,2568,0.13000059127807617
2571,2569,0.13099932670593262
2572,2570,0.13015198707580566
2573,2571,0.13000035285949707
2574,2572,0.13200044631958008
2575,2573,0.13202667236328125
2576,2574,0.1320021152496338
2577,2575,0.13065004348754883
2578,2576,0.1309959888458252
2579,2577,0.13199996948242188
2580,2578,0.13199996948242188
2581,2579,0.13300156593322754
2582,2580,0.13199877738952637
2583,2581,0.13394641876220703
2584,2582,0.1320018768310547
2585,2583,0.13265347480773926
2586,2584,0.13387298583984375
2587,2585,0.13299989700317383
2588,2586,0.13363385200500488
2589,2587,0.13399982452392578
2590,2588,0.13400030136108398
2591,2589,0.13300061225891113
2592,2590,0.13399934768676758
2593,2591,0.1340007781982422
2594,2592,0.13499879837036133
2595,2593,0.13399958610534668
2596,2594,0.13652634620666504
2597,2595,0.13465547561645508
2598,2596,0.13499903678894043
2599,2597,0.13500118255615234
2600,2598,0.13599872589111328
2601,2599,0.13500046730041504
2602,2600,0.13600397109985352
2603,2601,0.1349959373474121
2604,2602,0.13700032234191895
2605,2603,0.1360008716583252
2606,2604,0.137192964553833
2607,2605,0.13564705848693848
2608,2606,0.13699960708618164
2609,2607,0.1360006332397461
2610,2608,0.14040136337280273
2611,2609,0.14600515365600586
2612,2610,0.14099860191345215
2613,2611,0.13700413703918457
2614,2612,0.13780689239501953
2615,2613,0.13908648490905762
2616,2614,0.1391921043395996
2617,2615,0.13765501976013184
2618,2616,0.14199590682983398
2619,2617,0.13987255096435547
2620,2618,0.14000535011291504
2621,2619,0.1400001049041748
2622,2620,0.13788390159606934
2623,2621,0.13900327682495117
2624,2622,0.13900017738342285
2625,2623,0.13980817794799805
2626,2624,0.13899993896484375
2627,2625,0.1400001049041748
2628,2626,0.13968849182128906
2629,2627,0.1399998664855957
2630,2628,0.1400001049041748
2631,2629,0.14100003242492676
2632,2630,0.13998866081237793
2633,2631,0.14301180839538574
2634,2632,0.14005351066589355
2635,2633,0.14012527465820312
2636,2634,0.14199137687683105
2637,2635,0.14499568939208984
2638,2636,0.1402754783630371
2639,2637,0.1409902572631836
2640,2638,0.14570188522338867
2641,2639,0.14203643798828125
2642,2640,0.14294219017028809
2643,2641,0.1419997215270996
2644,2642,0.14244794845581055
2645,2643,0.1419999599456787
2646,2644,0.14267849922180176
2647,2645,0.14201021194458008
2648,2646,0.14247369766235352
2649,2647,0.14267635345458984
2650,2648,0.1430039405822754
2651,2649,0.14500021934509277
2652,2650,0.14300012588500977
2653,2651,0.14398932456970215
2654,2652,0.15340375900268555
2655,2653,0.14600014686584473
2656,2654,0.14700007438659668
2657,2655,0.14699530601501465
2658,2656,0.14768385887145996
2659,2657,0.1470048427581787
2660,2658,0.1459951400756836
2661,2659,0.14699196815490723
2662,2660,0.14599943161010742
2663,2661,0.14616990089416504
2664,2662,0.14599943161010742
2665,2663,0.1456608772277832
2666,2664,0.14600062370300293
2667,2665,0.14699935913085938
2668,2666,0.14699983596801758
2669,2667,0.14700078964233398
2670,2668,0.14599967002868652
2671,2669,0.14899992942810059
2672,2670,0.14800000190734863
2673,2671,0.14736533164978027
2674,2672,0.1506648063659668
2675,2673,0.14800024032592773
2676,2674,0.14899992942810059
2677,2675,0.14999985694885254
2678,2676,0.1490004062652588
2679,2677,0.14699912071228027
2680,2678,0.14899921417236328
2681,2679,0.1490004062652588
2682,2680,0.14906549453735352
2683,2681,0.15000009536743164
2684,2682,0.1496434211730957
2685,2683,0.15000057220458984
2686,2684,0.15000009536743164
2687,2685,0.1509995460510254
2688,2686,0.15121197700500488
2689,2687,0.14999961853027344
2690,2688,0.15200018882751465
2691,2689,0.15067052841186523
2692,2690,0.1509997844696045
2693,2691,0.1510000228881836
2694,2692,0.15199971199035645
2695,2693,0.15600061416625977
2696,2694,0.15101289749145508
2697,2695,0.1490001678466797
2698,2696,0.1509997844696045
2699,2697,0.15000009536743164
2700,2698,0.1509859561920166
2701,2699,0.15001392364501953
2702,2700,0.1530005931854248
2703,2701,0.15099477767944336
2704,2702,0.15130329132080078
2705,2703,0.1510000228881836
2706,2704,0.1509997844696045
2707,2705,0.15099859237670898
2708,2706,0.15398836135864258
2709,2707,0.15355181694030762
2710,2708,0.15264225006103516
2711,2709,0.15200018882751465
2712,2710,0.15399980545043945
2713,2711,0.1529996395111084
2714,2712,0.15400052070617676
2715,2713,0.1533205509185791
2716,2714,0.15400028228759766
2717,2715,0.15364742279052734
2718,2716,0.1549999713897705
2719,2717,0.15400075912475586
2720,2718,0.1549978256225586
2721,2719,0.15400099754333496
2722,2720,0.15512657165527344
2723,2721,0.1546630859375
2724,2722,0.1549997329711914
2725,2723,0.1550006866455078
2726,2724,0.15599799156188965
2727,2725,0.15527629852294922
2728,2726,0.15590333938598633
2729,2727,0.1550002098083496
2730,2728,0.15599989891052246
2731,2729,0.15600013732910156
2732,2730,0.15599989891052246
2733,2731,0.15599989891052246
2734,2732,0.15711545944213867
2735,2733,0.15616774559020996
2736,2734,0.15699982643127441
2737,2735,0.15566015243530273
2738,2736,0.15700006484985352
2739,2737,0.15712857246398926
2740,2738,0.1626737117767334
2741,2739,0.16000676155090332
2742,2740,0.15900421142578125
2743,2741,0.15899991989135742
2744,2742,0.1571810245513916
2745,2743,0.1596691608428955
2746,2744,0.15799975395202637
2747,2745,0.16500258445739746
2748,2746,0.1640000343322754
2749,2747,0.16166305541992188
2750,2748,0.15900468826293945
2751,2749,0.16700005531311035
2752,2750,0.16219496726989746
2753,2751,0.1609957218170166
2754,2752,0.16264581680297852
2755,2753,0.1616663932800293
2756,2754,0.16100025177001953
2757,2755,0.16100001335144043
2758,2756,0.16100001335144043
2759,2757,0.162001371383667
2760,2758,0.16099977493286133
2761,2759,0.16193270683288574
2762,2760,0.1620039939880371
2763,2761,0.161881685256958
2764,2762,0.16299891471862793
2765,2763,0.1620008945465088
2766,2764,0.16299986839294434
2767,2765,0.16500425338745117
2768,2766,0.16199994087219238
2769,2767,0.1633009910583496
2770,2768,0.16899466514587402
2771,2769,0.16358065605163574
2772,2770,0.16318345069885254
2773,2771,0.16652941703796387
2774,2772,0.16499590873718262
2775,2773,0.16300415992736816
2776,2774,0.16585111618041992
2777,2775,0.16399455070495605
2778,2776,0.1650094985961914
2779,2777,0.164841890335083
2780,2778,0.16600441932678223
2781,2779,0.16300010681152344
2782,2780,0.1659998893737793
2783,2781,0.16399550437927246
2784,2782,0.16500473022460938
2785,2783,0.16499924659729004
2786,2784,0.16911005973815918
2787,2785,0.16799545288085938
2788,2786,0.16767501831054688
2789,2787,0.1659996509552002
2790,2788,0.16700053215026855
2791,2789,0.16699981689453125
2792,2790,0.16999554634094238
2793,2791,0.16700434684753418
2794,2792,0.1679999828338623
2795,2793,0.16900038719177246
2796,2794,0.1679999828338623
2797,2795,0.16814184188842773
2798,2796,0.16899991035461426
2799,2797,0.1680002212524414
2800,2798,0.1692659854888916
2801,2799,0.16700029373168945
2802,2800,0.16831493377685547
2803,2801,0.16867589950561523
2804,2802,0.1679999828338623
2805,2803,0.1679999828338623
2806,2804,0.16899991035461426
2807,2805,0.16900014877319336
2808,2806,0.16899991035461426
2809,2807,0.16999554634094238
2810,2808,0.1690044403076172
2811,2809,0.16899991035461426
2812,2810,0.16999506950378418
2813,2811,0.17000532150268555
2814,2812,0.1694202423095703
2815,2813,0.17065191268920898
2816,2814,0.17089319229125977
2817,2815,0.16966748237609863
2818,2816,0.1710045337677002
2819,2817,0.17097687721252441
2820,2818,0.17165184020996094
2821,2819,0.17199993133544922
2822,2820,0.17099952697753906
2823,2821,0.17100024223327637
2824,2822,0.17199969291687012
2825,2823,0.17100000381469727
2826,2824,0.1872084140777588
2827,2825,0.17400002479553223
2828,2826,0.17567038536071777
2829,2827,0.1769859790802002
2830,2828,0.17277121543884277
2831,2829,0.17267918586730957
2832,2830,0.1767575740814209
2833,2831,0.17500996589660645
2834,2832,0.17500019073486328
2835,2833,0.17499995231628418
2836,2834,0.17531728744506836
2837,2835,0.17499995231628418
2838,2836,0.17467164993286133
2839,2837,0.17600035667419434
2840,2838,0.17499971389770508
2841,2839,0.1770002841949463
2842,2840,0.17499971389770508
2843,2841,0.17731785774230957
2844,2842,0.17968153953552246
2845,2843,0.1770007610321045
2846,2844,0.1789858341217041
2847,2845,0.17701339721679688
2848,2846,0.17757606506347656
2849,2847,0.17799997329711914
2850,2848,0.17768454551696777
2851,2849,0.17800450325012207
2852,2850,0.17698955535888672
2853,2851,0.1780104637145996
2854,2852,0.1790001392364502
2855,2853,0.17999982833862305
2856,2854,0.17899584770202637
2857,2855,0.17919325828552246
2858,2856,0.17967700958251953
2859,2857,0.17897248268127441
2860,2858,0.1790001392364502
2861,2859,0.18069815635681152
2862,2860,0.18199992179870605
2863,2861,0.18299531936645508
2864,2862,0.18091535568237305
2865,2863,0.18265581130981445
2866,2864,0.180999755859375
2867,2865,0.18000006675720215
2868,2866,0.18399548530578613
2869,2867,0.18200445175170898
2870,2868,0.18199992179870605
2871,2869,0.18321824073791504
2872,2870,0.1830003261566162
2873,2871,0.18066644668579102
2874,2872,0.18400025367736816
2875,2873,0.182999849319458
2876,2874,0.1829993724822998
2877,2875,0.18200063705444336
2878,2876,0.18200016021728516
2879,2877,0.18414092063903809
2880,2878,0.1836698055267334
2881,2879,0.18299531936645508
2882,2880,0.18300461769104004
2883,2881,0.18332457542419434
2884,2882,0.18368268013000488
2885,2883,0.18400955200195312
2886,2884,0.18500089645385742
2887,2885,0.1838846206665039
2888,2886,0.1836838722229004
2889,2887,0.18500471115112305
2890,2888,0.18600010871887207
2891,2889,0.18399524688720703
2892,2890,0.18700528144836426
2893,2891,0.18599939346313477
2894,2892,0.18799543380737305
2895,2893,0.184004545211792
2896,2894,0.18600010871887207
2897,2895,0.18599987030029297
2898,2896,0.18593931198120117
2899,2897,0.185654878616333
2900,2898,0.18700480461120605
2901,2899,0.18899989128112793
2902,2900,0.18600010871887207
2903,2901,0.18699979782104492
2904,2902,0.18700003623962402
2905,2903,0.18700003623962402
2906,2904,0.18699932098388672
2907,2905,0.18698763847351074
2908,2906,0.18901324272155762
2909,2907,0.19430208206176758
2910,2908,0.19067025184631348
2911,2909,0.192000150680542
2912,2910,0.19499945640563965
2913,2911,0.19300031661987305
2914,2912,0.1919999122619629
2915,2913,0.1919996738433838
2916,2914,0.19100022315979004
2917,2915,0.19099974632263184
2918,2916,0.19300007820129395
2919,2917,0.1900010108947754
2920,2918,0.1899867057800293
2921,2919,0.1913285255432129
2922,2920,0.21916508674621582
2923,2921,0.19268465042114258
2924,2922,0.19366669654846191
2925,2923,0.19898676872253418
2926,2924,0.19466733932495117
2927,2925,0.20000314712524414
2928,2926,0.19401025772094727
2929,2927,0.1960000991821289
2930,2928,0.19499945640563965
2931,2929,0.19500017166137695
2932,2930,0.19298839569091797
2933,2931,0.19401144981384277
2934,2932,0.19599604606628418
2935,2933,0.19499993324279785
2936,2934,0.1954662799835205
2937,2935,0.19598603248596191
2938,2936,0.19664978981018066
2939,2937,0.19577431678771973
2940,2938,0.19264721870422363
2941,2939,0.19299960136413574
2942,2940,0.19300007820129395
2943,2941,0.1919999122619629
2944,2942,0.19339489936828613
2945,2943,0.19269156455993652
2946,2944,0.1940016746520996
2947,2945,0.19299840927124023
2948,2946,0.19399595260620117
2949,2947,0.19422388076782227
2950,2948,0.19385004043579102
2951,2949,0.19400382041931152
2952,2950,0.19485878944396973
2953,2951,0.1941242218017578
2954,2952,0.19600129127502441
2955,2953,0.1939988136291504
2956,2954,0.19300031661987305
2957,2955,0.1940000057220459
2958,2956,0.19377565383911133
2959,2957,0.193695068359375
2960,2958,0.19518542289733887
2961,2959,0.19484233856201172
2962,2960,0.1959993839263916
2963,2961,0.19655942916870117
2964,2962,0.19566822052001953
2965,2963,0.19689607620239258
2966,2964,0.19766783714294434
2967,2965,0.19699931144714355
2968,2966,0.19800019264221191
2969,2967,0.19800066947937012
2970,2968,0.20755553245544434
2971,2969,0.20400547981262207
2972,2970,0.1966550350189209
2973,2971,0.1979992389678955
2974,2972,0.19994282722473145
2975,2973,0.2003941535949707
2976,2974,0.20115256309509277
2977,2975,0.2020857334136963
2978,2976,0.19843816757202148
2979,2977,0.19868707656860352
2980,2978,0.19899535179138184
2981,2979,0.1990046501159668
2982,2980,0.20000004768371582
2983,2981,0.19899988174438477
2984,2982,0.19900012016296387
2985,2983,0.1992812156677246
2986,2984,0.2039952278137207
2987,2985,0.19967436790466309
2988,2986,0.20261454582214355
2989,2987,0.20284605026245117
2990,2988,0.2010049819946289
2991,2989,0.20099616050720215
2992,2990,0.20160317420959473
2993,2991,0.20065903663635254
2994,2992,0.20099997520446777
2995,2993,0.20231389999389648
2996,2994,0.20099997520446777
2997,2995,0.20365357398986816
2998,2996,0.20599985122680664
2999,2997,0.20648622512817383
3000,2998,0.20731854438781738
